text,annotation_104,annotation_101,annotation_102,annotation_103
Putin After Announcing #CovidVaccine #Russian https://t.co/rNDFFcaHNd,vaccination,vaccination,vaccination,
Courtesy: WA! #WhatsApp #COVID #CovidVaccine https://t.co/zQNeLva9GJ,vaccination,vaccination,,
4 of the vaccines Jared bought are expected to fail and Trump refuses to join the global… https://t.co/nBO2o0PNok,vaccination,vaccination,vaccination,vaccination
One day you will realize CDC Guidelines magically aligned with Teachers Unions demands,masking and distancing,,,
Im far from lying.  Current CDC guidelines is wearing a mask indoors and if you aren’t vaccinated. Is that wrong?,masking and distancing,"vaccination,masking and distancing",vaccination,"vaccination,masking and distancing"
"Russia’s Covid vaccine ‘Sputnik-V’ might be released for civilian use this week, says report #CovidVaccine
#SputnikV
https://t.co/je1m0MrQOe",vaccination,vaccination,vaccination,vaccination
"I don’t see masks. In fact, my child was there…and we respected her decision not to wear a mask according to CDC guidelines. We also respected the decision of others if they chose to wear one. It’s that simple. That’s what we should instill in our children. Choice.",masking and distancing,masking and distancing,masking and distancing,masking and distancing
"I am fully vaccinated, unless CDC guidelines change, I don't wear a mask.","vaccination,masking and distancing","vaccination,masking and distancing","vaccination,masking and distancing","vaccination,masking and distancing"
we ask every single person that walks in so we know if they need to wear a mask per CA and CDC guidelines. if they aren't willing to confirm/deny vaccination they are asked to leave. this isn't hard. only in American can a life-saving vaccine be made political. congrats GQP,"vaccination,masking and distancing","vaccination,masking and distancing",,"vaccination,masking and distancing"
will the sense touch 40k after a #CovidVaccine is released for unregulated sale in India?,vaccination,vaccination,vaccination,vaccination
"Health ministry approval Covid vaccine in Russia
#CovidVaccine https://t.co/cc1ha1cYCr",vaccination,vaccination,vaccination,vaccination
10 Days of Onam names | in kerala https://t.co/A2nX9r7OkB via #onam #kerala #VinayagarChathurthi2020… https://t.co/3W4UjMXeng,,,,
"amazing review and insights from #vaccine experts I highly recommend! 
*cold storage
 *safety issues… https://t.co/Mr4OTUlhga",vaccination,vaccination,vaccination,
Pretty sure the only people wearing masks right now are the vaccinated people.  The antivaxx people are also anti mask.  The CDC did a terrible job with their new mask guidelines.,"vaccination,masking and distancing","vaccination,masking and distancing","vaccination,masking and distancing","vaccination,masking and distancing"
These patients are slowly being tortured and then fully tortured when all off the meds. I feel for all the CPP pts may God give them relief soon. The cdc guidelines are changing within a.year. it will be better for cpp.,masking and distancing,,,
Safety &amp; efficacy of #CovidVaccine must follow science protocols - NOT political pressure. https://t.co/IQ0bDZ6ZU5,vaccination,vaccination,vaccination,vaccination
unveils online platform to ease #CovidVaccine #supplychain challenges - #COVID19 #pandemic #logistics #Cargo… https://t.co/mVHWKQZ7Nm,vaccination,vaccination,vaccination,vaccination
One reason the CDC mask guidelines are so reprehensible.,masking and distancing,masking and distancing,masking and distancing,masking and distancing
"I love how all he’s saying is that “I don’t believe in the science of vaccines, the CDC guidelines, or the rest of the country that is aligned with the cdc”",masking and distancing,vaccination,vaccination,vaccination
Russia becomes first country to register a coronavirus vaccine. #Russia #Putin #coronavirus #CovidVaccineRace… https://t.co/T1gouBKnnp,vaccination,vaccination,vaccination,vaccination
China’s Sinovac Biotech plans to start a clinical trial of its experimental vaccine against the coronavirus disease… https://t.co/lblV2b6ep6,vaccination,vaccination,vaccination,vaccination
That's what the mayor says but the city still isn't following guidelines. ADH Dr. Dillaha's instruction to mask if vaccinated is not being followed by city employees. It is in the CDC guidance for areas of high transmission too.,masking and distancing,"vaccination,masking and distancing","vaccination,masking and distancing","vaccination,masking and distancing"
I follow CDC guidelines and am fully vaccinated and I'm not a maga nut job but we have to start living again. If you are afraid stay home bc businesses need to resume and get back to normal life.,"vaccination,masking and distancing,lockdowns","vaccination,lockdowns",vaccination,vaccination
Hey care to explain why your board voted tonight to go against the CDC guidelines tonight?  What changed?,masking and distancing,,,
"Watchout, today #newzealand has an outbreak of five matching the US total on the last 10 seconds.… https://t.co/NZySaC4VOI",,,,
After getting COVID-19 and waiting 3 months (per CDC guidelines)…  I finally got my 1st dose of the vaccine! 💉🥰 #VAXXED  https://t.co/C9HmHApwoI,vaccination,vaccination,vaccination,vaccination
"Must read summary of #CovidVaccine development. Major conclusion:
Vaccine research for COVID-19 started before we e… https://t.co/BDtl0DpGzM",vaccination,vaccination,vaccination,vaccination
"CREWNY's top priority remains the health and safety of our members. We ask that you comply with all COVID-19 safety guidelines established by the CDC &amp; NYC health authorities, including wearing a mask and maintaining safe distancing, to ensure a safe and welcoming environment.","masking and distancing,lockdowns",masking and distancing,masking and distancing,masking and distancing
"Experience 4, Medicaid (ACA) fights to not pay for pain medication (in accordance with CDC's 2016 Guidelines on opioid's.   Experience 5, pharmacies look at you as if your an addict. CVS pharmacist said ""he couldn't fill prescription, he takes aspirin and is fine- popped 2 fake",,,,
This type of dishonest health communication is why so many Americans don't trust public health officials. Don't pretend that the CDC is stating that vaccinated children should wear masks to bolster your guidelines. Just state honestly that California has a different policy.,masking and distancing,"vaccination,masking and distancing","vaccination,masking and distancing","vaccination,masking and distancing"
"Mmmm, no, it does not.  The CDC’s guidelines clearly state that it can be varied by location as needed.  So, you lied just then.  https://t.co/CliBQY4jcJ","masking and distancing,lockdowns",,"vaccination,masking and distancing",
This #holocaust survivor just compared your #mandatoryvaccination agenda to #Nazi ideology… https://t.co/65klmlCUdd,,vaccination,vaccination,vaccination
"Do they want reoutbreak of Covid19 in the ships?? No it won't. At least, they need to follow the CDC guidelines.","masking and distancing,lockdowns",,,
"💰Bill Gates on Track to Grow His Fortune Through Foundation’s Ties to Vaccine Makers • 
#COVID19 #Vaccines… https://t.co/tnJ5qNEsoc",vaccination,vaccination,vaccination,vaccination
"What about our Protection under #ADA.  Phuck #PROP &amp; #CDC ""Guidelines.""  #ADA review from 2020: Our right to pain medications is the #LAW  https://t.co/iyxHeDsDHr",,,,
Latest #CovidVaccine update. started last stage trials for an antibody medicine against #COVID__19 wit… https://t.co/teU0bccxQZ,vaccination,vaccination,vaccination,vaccination
"People who are fully vaccinated can travel within the U.S., according to updated CDC guidelines announced on Friday.  https://t.co/gcSa5MhcS2 02",vaccination,vaccination,vaccination,vaccination
A federal appeals court panel sided with the CDC in its legal battle with Florida over COVID-19 guidelines for cruise lines.    https://t.co/gmPv4PSR8z,"masking and distancing,lockdowns",,lockdowns,
#CovidVaccine I Trump forced vaccine in Oct. timeframe th… https://t.co/CViUzCkIAi,vaccination,vaccination,vaccination,vaccination
Is it a bad time to remind everyone that “I Am Legend” happened because a pharma company rushed out a vaccine. So… https://t.co/Bwz8H8MLGG,vaccination,vaccination,vaccination,vaccination
"My PMD told me in 2018 that DEA agent told him that ""they didn't care who suffers or who commits suicide they are going to get these drugs off the streets"". He also told me that the Direction for enforcing CDC guidelines came from Rick Scott who was Governor of FL at that time.",,,,
Masks are very effective ( https://t.co/9lyIaxtrOV) and help slow infection rates.  The CDC's guidelines state that ppl fully vaxxed don't need to wear a mask (but this may change if delta becomes more prevalent).   How many ppl do you think have died directly from the vaccine?,masking and distancing,"vaccination,masking and distancing","vaccination,masking and distancing","vaccination,masking and distancing"
CDC releases updated guidelines for schools amid fall return,masking and distancing,lockdowns,,
Moderna +8% on $1.5B vaccine supply agreement with U.S. government for initial 100M doses of mRNA-1273… https://t.co/mMpm2DxiVj,vaccination,vaccination,vaccination,vaccination
"CDC just held a public meeting going over the Opioid Workgroup's report on the 2022 drafyt Prescribing Guidelines, a revision to the 2016 one. Here's pointing out the massive degree of conflicts of interest in the lead author, Roger Chou.  https://t.co/k398v8FqPs",,,,
"[Flash Of News] Russia offers to help US with Covid 19 vaccine; US says no https://t.co/wKKyJ6uImH qua 

L… https://t.co/DWnCA71T3r",vaccination,vaccination,vaccination,vaccination
": BBT-68

Duniya ka pehla COVID Vaccine ,
Pehla shot to the daughter of Putin!!

#CovidVaccine 
#Russia
#hope 
#VladimirPutin

😊😊",vaccination,vaccination,vaccination,vaccination
I don't understand how schools can make a decision that goes against the CDC recommendations of all unvaccinated people wearing a mask. Is there another school district nearby that you can send your kids to- one that has Covid guidelines that you are more comfortable with?,"vaccination,masking and distancing","vaccination,masking and distancing",masking and distancing,"vaccination,masking and distancing"
An experimental vaccine developed by China's #Sinovac Biotech appeared to be safe in providing protection against t… https://t.co/pYnMaQ9szB,vaccination,vaccination,vaccination,vaccination
CDC Updates Guidelines To Protect Kids From COVID In School.    https://t.co/AVyiTbAJtd,"masking and distancing,lockdowns",lockdowns,"vaccination,masking and distancing",
"When you ask a politician about pot, they'll tell you, more research is needed.    ""...here.."" 💉  poke her face #CovidVaccine",vaccination,vaccination,vaccination,
"With its first shot given to Vladimir Putin's daughter— Russia, is now all set to unveil the Corona vaccine. #CovidVaccine",vaccination,vaccination,vaccination,vaccination
I must have missed CDC Guidelines that said you can go mask less on an airplane! According to the FFA You still needed to wear one. What makes you so special?  https://t.co/5uYtreRQXT,masking and distancing,masking and distancing,masking and distancing,masking and distancing
Trust a #Russian #CovidVaccine? https://t.co/aneX6foo1D,vaccination,vaccination,vaccination,vaccination
"Will the:
Rich
Movie Stars
Singers
and Select Religions
Still be immune to these rules?
#CovidVaccine","vaccination,masking and distancing,lockdowns",vaccination,,
"Doctor, #Logic failed. #State parties can't promise considering work towards this… https://t.co/20M8JVcSRL",,,,
"I was driving today when I heard thebnew CDC guidelines about children getting back to school - without masks and HEPA filters etc., because hey, they probably wont die. 🤬🤬🤬 what about LC? What about their families? I am SO angry. Death isnt the only metric!","masking and distancing,lockdowns",lockdowns,"masking and distancing,lockdowns",masking and distancing
"I agree but for me I’m more interested in the government officials &amp; Congress since they are implementing policies against us…I want to know what medications they are on, what it is for &amp; are they following the cdc guidelines just like us including UAs",masking and distancing,,,
"If ANTIFA just means Anti-Fascism, than why did President Biden condemn them?",,,,
"BREAKING: The CDC says in-person learning for students this fall “is a priority.”  *New guidelines state vaccinated teachers, staff, &amp; students don’t need to wear masks inside school buildings.  *Unvaxxed should still mask/socially distance in classroom.  https://t.co/Yj39ednE1w","vaccination,masking and distancing,lockdowns","vaccination,masking and distancing,lockdowns",masking and distancing,"vaccination,masking and distancing"
Yes.  I did.  It said specifically that the extra hour was only for local elections,,,,
"As of 12:01 a.m. Monday, masks will no longer be required in Pennsylvania except in certain situations outlined in CDC guidelines.  https://t.co/KEB2HjUpRI",masking and distancing,masking and distancing,masking and distancing,masking and distancing
"A3: Some schools such as are not creating their own policies but are following CDC guidelines, a safe and effective course of action. #IntlEdNOW","masking and distancing,lockdowns",,,
"Hey , you want the silent majority outside of #nova to rise up in #Virginia ? Let your health #czar… https://t.co/OSUmxiQEtw",,,,
While I'd trust Russia over china anyday. However they should have conducted phase 3 clinical trail… https://t.co/GqFkBESJRd,vaccination,vaccination,vaccination,vaccination
"Who is the Best PM-

#RussianVaccine
#Russian #CovidVaccine #coronavirus",vaccination,vaccination,,
CDC guidelines doesn't recognize AstraZeneca/Moderna mix as being fully vaccinated. All cruise ships are not allowing Canadians to sail who had mixed doses. So glad we listened to JT.  You wonder why there's vaccine hesitancy?,"vaccination,lockdowns",vaccination,vaccination,vaccination
Oxford University Covid vaccine trial put on hold due to adverse reaction in participant #CovidVaccine https://t.co/BxEpEtSfYK,vaccination,vaccination,vaccination,vaccination
Next step is ✨not✨ to take the first or even second rounds of the new #covidvaccine just wait a little until you do https://t.co/yrzfk2z78V,vaccination,vaccination,,vaccination
"Lingo Ink Presents ""Open Mindz"" Health &amp; Wellness VS Vaccines Episode https://t.co/DBYgEAVQeZ via #health… https://t.co/n0TBy2xVIJ",,vaccination,vaccination,vaccination
Vaccine Watch: Pfizer’s internal COVID-19 vaccine trial report finds no major safety issue. Check details ⤵️… https://t.co/sSaGqs9NQm,vaccination,vaccination,vaccination,vaccination
"Apparently, I'm not the only one worried that #Trump will trade America's health for his own needs by politicizing… https://t.co/XIXdeUdOMv",,,,
"We had an amazing virtual discussion last Friday with Sigma Xi fellow and virologist,  Dr. Mark Peeples. 

Here is… https://t.co/7tURGDpQCh",,lockdowns,vaccination,
KLL:ASX could become a 10 bagger stock by end of 2021. Production 2021. #stockstowatch #stockstobuy… https://t.co/rbDKT6DLNl,,,,
We’re at war with #COVID19. Other countries are beginning to embrace third/booster shots. But the has issued negligent advice in an apparent attempt to cover up for ill-advised guidelines and to preserve what is left of summer. Make no mistake about our “leaders”.,vaccination,vaccination,,vaccination
"Leave Fauci alone. Talk about Trump and Pence, who were in charge, CDC guidelines approved  by Administration.   Your constituents elected you to govern, not to create a "" witch hunt."" #DoYourJob",,,,
So it has only taken less than 2 months for countries/operators to reject people vaxxed with different makes.  The big cruise lines are following CDC guidelines and banning mixed vaxxed people .  Did no one in our govt foresee this?  ,vaccination,vaccination,masking and distancing,vaccination
"Who are these people!!😂😂 
 #toi #covid19 #vaccine #covidvaccine #trending #googlesearch https://t.co/mZSXrm2XUA",vaccination,vaccination,,
"The Moderna booster is very strong. If you had a first shot Pfizer, I'd stick with that. The CDC guidelines state as much.  Canada is just doing what is politically expedient and not what's in the best interest of the patient.",vaccination,vaccination,,vaccination
This is why they don't want kids in schools yet. This is why need false-positive COVID19 numbers. Te… https://t.co/p4IwGDMCJg,lockdowns,lockdowns,,
"Are you looking for a Logo Design for your brand?
You are in the right place, our DesignMasterTeam would love to wo… https://t.co/DPuXde4lfH",,,,
"NYS OTDA and an aide to Cuomo tell me NYC doesn’t need state approval to move people back into shelters bc the governor lifted social distancing guidelines yesterday. Only rule is that people in shelters have to wear masks per CDC guidance, they say","masking and distancing,lockdowns",masking and distancing,masking and distancing,masking and distancing
"Asking people why they wear their masks outside, against CDC guidelines.  https://t.co/qS24VQdlgB via ",masking and distancing,masking and distancing,masking and distancing,masking and distancing
"Media slams Sputnik V but stays silent as Western pharma chases approval for its jabs

#CovidVaccine #SputnikV https://t.co/wX2ysZyQm4",vaccination,vaccination,vaccination,vaccination
"In an important development, Serum Institute of India (SII) has started phase two and three clinical trials of its… https://t.co/LxaOXiY7b1",vaccination,vaccination,vaccination,vaccination
Organizations like mine follow CDC guidelines &amp; make no efforts beyond what is EXPLICITLY stated as public health regulations. There's been no HVAC improvement. There will be no masking there w/o a mandate. The onus is on our federal and state institutions to protect the public.,masking and distancing,masking and distancing,masking and distancing,
"You have moral responsibility to guide people in the right path.  If you can’t, that’s fine.! Just shut up and not contradict at experts and cdc guidelines. Sneering at experts  need to stop by right wing media.  Bear in mind, You are playing with people’s lives.",masking and distancing,,vaccination,
My opinion is the director of the CDC should be jailed for mass murder after issuing public health guidelines for the purpose of driving down worker wages.,masking and distancing,,,
"#Russia today recommended its #CovidVaccine Sputnik V for 18 to 60 year old persons. However, Russian scientist Ale… https://t.co/7kwWypHCmX",vaccination,vaccination,vaccination,vaccination
"Our treatment centers continue to follow strict CDC operational guidelines and we encourage all new patients to bring their own reusable masks - gaiters, bandanas &amp; face masks w/valves are not permitted. Your new life is dawning at Hope House!  https://t.co/Kz2dSHGbXc",masking and distancing,masking and distancing,masking and distancing,masking and distancing
"Educators’ unions appreciate the guidelines for CDC schools, but acknowledge the challenges  https://t.co/hUvgduntvD","masking and distancing,lockdowns",,,
"CDC relaxes guidelines, says vaccinated teachers and students don't need to wear masks in schools  https://t.co/4QjgTxVMT7","masking and distancing,lockdowns","vaccination,masking and distancing","vaccination,masking and distancing","vaccination,masking and distancing"
thanks for your work! i had allergic reaction to new shingles vaccine shot no. 1. an… https://t.co/mFchzxq03Z,vaccination,vaccination,vaccination,vaccination
girl i know from my old school went out without a mask even though she was fully vaccinated 🤨🤨 idc what the cdc guidelines are but that just sounds really weird to me,masking and distancing,"vaccination,masking and distancing","vaccination,masking and distancing",masking and distancing
"States - Health belong to us &amp; you can’t tell us what to do because freedum  CDC - We’ve given you vaccines, guidelines, PPE, &amp; metric assloads of $$$… States- We’re dying! CDC - See above &amp; tell your citizens to stop being dumb","vaccination,masking and distancing",vaccination,vaccination,"vaccination,masking and distancing"
The CDC has issued guidelines for post-vaccination activities  https://t.co/EQx6oAyQ2I via ,"masking and distancing,lockdowns",vaccination,vaccination,vaccination
"Coronavirus catches up with Usain Bolt, world's fastest man 
#Covid19Millionaires #CovidVaccine #covid https://t.co/D4FCPahiDb",vaccination,vaccination,,
"Moscow Mayor Sobyanin was vaccinated by the Russian anti #COVIDー19 vaccine #SputnikV. That is the same vaccine, fro… https://t.co/rWH9N3Vs9n",vaccination,vaccination,vaccination,vaccination
Kids aren’t vaccinated so that is CDC medical  guidelines actually that’s what the CDC DOES recommend,"vaccination,masking and distancing",vaccination,vaccination,vaccination
"This would not be a story if it was a single county and that was the end. The reporting guidelines are from the CDC. Their own death count lists deaths only as ""involving"" Covid. Not from. Not caused by.",masking and distancing,,,
And they are calling it “Sputnik” 🤗 after the spacecraft that took space dog Laika up past the clouds when I was 6… https://t.co/jEDJTGXI1L,vaccination,,vaccination,
"she says she is not anti-vax, just covid19 vax. More attention grabbing I fear. On the bandwagon and… https://t.co/GN0i2TqNsO",vaccination,vaccination,,vaccination
"Age Does Not Contribute To COVID-19 Susceptibility Study Suggests 
 
#COVID19 #age #study… https://t.co/l2QN54rZZZ",vaccination,,,
"Ordinary Chinese residents could start receiving #CovidVaccine as early as November, according to Wu Guizhen, the c… https://t.co/Rfk04Y5qLs",vaccination,vaccination,vaccination,vaccination
"This is why they don't want kids in schools yet. If you make the flu vaccine mandatory, FOREVER #CovidVaccine… https://t.co/S8ifX0ivNP","vaccination,lockdowns","vaccination,lockdowns",vaccination,vaccination
Message: Return pain medicine access back to chronic pain patients and stop arresting doctors who treat us. We advocate the reversal of The War On Drugs  &amp;  2016 CDC Guidelines; under a false flag. They're hurting so many! Ppl are turning to illicit drugs in desperation.  https://t.co/sbvYFxjb9T,,,,
"Russian President Vladimir Putin launched a #coronavirus vaccine. 

#COVID19 #RussianVaccine… https://t.co/Qrv37Euurb",vaccination,vaccination,vaccination,vaccination
"Compulsory vaccines for children, and no liability for manufacturers""!""! https://t.co/V7jNZ4YThw via https://t.co/XtSfnWyTPX",vaccination,vaccination,vaccination,vaccination
This Tory MP you’re chatting to just stated ‘I hope it’s a British company’ that comes up with the first… https://t.co/Ow43qiqcVx,,,vaccination,
"I'm not understanding the ""new"" CDC school guidelines. Kids don't need masks to protect them from covid since it's so low risk to them. Are the masks to protect vaccinated teachers? Isnt that what the...vaccine is for?? Masks are not normal. Kids need normal. #UNMASKOURCHILDREN","vaccination,masking and distancing","vaccination,masking and distancing","vaccination,masking and distancing","vaccination,masking and distancing"
"OPINION | Why 'Sputnik moment' of Russia's first #COVIDVaccine triggered 'sour grapes' reaction in Western MSM

https://t.co/NFLLsJDPwO",vaccination,vaccination,vaccination,vaccination
President Rodrigo Duterte on Monday said he is “very happy” by the news that #Russia would provide vaccines free of… https://t.co/VitruCjLuG,vaccination,vaccination,vaccination,vaccination
Same thing happened with the mask guidelines back in may if I remember correctly. Then one day Biden eased the guidelines and the CDC followed suit.,masking and distancing,masking and distancing,masking and distancing,masking and distancing
#DeBlasio to Keep #MaskMandate in Schools Enforced Despite #CDC New Guidelines:  https://t.co/9IYA0DjDMo,"masking and distancing,lockdowns",,,masking and distancing
ETHealthworld | Brazil's Bolsonaro rejects coronavirus vaccine from China #CovidVaccine #Brazil #China #Coronavirus… https://t.co/uFdg9j2LOT,vaccination,vaccination,vaccination,vaccination
"Around this time, the CDC's guidelines said the same. You've been making strawman points recently.","masking and distancing,lockdowns",,,
Realistically no #CovidVaccine before April 2021. Let's face it. The world needs to wait more 6 months #CoronavirusOutbreak,vaccination,vaccination,vaccination,vaccination
CDC guidelines still apply to private jets. Unless you believe the wealthy to have special guidelines?,masking and distancing,,,
"Dear Please let us know if California Governor will be included in this fascist censorship campaign, since he has us going against CDC guidelines?",lockdowns,,,
imagine if cancer closed the world economies how fast we would have a cure it boggles the mind we can have a potent… https://t.co/OE1X23cxRn,,,vaccination,
UK vaccines receive a green signal after being put on hold. Here’s a rundown of what happened this past week.… https://t.co/lXjZpBhef7,vaccination,vaccination,vaccination,vaccination
"We have to get rid of the CDC Guidelines. Not revise them, eliminate them. Go back to the way things were before illicit fentanyl. Give us our meds and let God sort it out. Those who abuse, die. The rest of us will get back our QOL back. #opioidhysteria #illicitfentanylcrisis",masking and distancing,,,
Good to see Kate Bingham -  responsible for buying the UK #CovidVaccine stockpile - helping to test one of them out… https://t.co/uJY2OgG0Br,vaccination,vaccination,vaccination,vaccination
"#COVID19
Could #CovidVaccine be okay..? https://t.co/VrUXpVS6FY",vaccination,vaccination,vaccination,vaccination
Ikr i can't wait to hear that crowd again but i hope they still follow the CDC guidelines,lockdowns,,,
so you would be okay with drunk drivers as long as they don’t speed?,,,,
"We're presenting the 2021 Community Health Institute (CHI) and Expo as a hybrid event, August 22-24, in Orlando, FL. You may join in person, abiding by CDC guidelines for safety, or virtually from your home/office. Registration is open!  https://t.co/S9ItFUEmKI #NACHCEvents  https://t.co/epoazeJYp4",,,,
"After reviewing new COVID-19 guidelines, consistent with Center for Disease Control (CDC), CalOSHA guidance, as well as the Governor's r ...  https://t.co/KmtKqqXG7e",masking and distancing,,,
How are we told to follow the CDC when we don't even know who those ppl are .. they background.. thet experience.. we don't know these ppl .. but yall telling us to follow they guidelines ?🤔,masking and distancing,,,
"Breaking News : #Russia released world's first #CovidVaccine.😊😊

#Putin said ""Russian health ministry has approved… https://t.co/J9hEiUdslN",vaccination,vaccination,vaccination,vaccination
THREAT TO HUMANITY” WHY CDC UNSCIENTIFIC OPIOID PRESCRIBING GUIDELINES CANNOT BE REFORMED    https://t.co/S5VdNDNLJC,masking and distancing,,,
World Health Organization Director-General Ghebreyesus on Tuesday called on countries to share their supp… https://t.co/gbzBi5K0AB,,,vaccination,
Stop torturing pain patients with false data &amp; propaganda on #opiod prescriptions being responsible for OD. They are not. The #DEA draconian methods #CDC put out false data &amp; guidelines that were used to ensure the suffering of Million. Nobody is listening/ helping those in pain.,,,,
READ AND LISTEN TO  https://t.co/UFRmYf1NsL #MAKETHISGOVIRAL STUDIES SHOW MORPHINE MILLIGRAM EQUIVALENT (MME) USED IN CDC 2016 OPIOID GUIDELINES ARE BOTH BOGUS AND UNSCIENTIFIC: THEY MUST BE REPUDIATED AND WITHDRAWN  1.  https://t.co/EmEj17ze19,masking and distancing,,,
"People who are fully vaccinated can travel within the U.S., according to updated CDC guidelines announced on Friday.  https://t.co/gcSa5MhcS2","vaccination,lockdowns",vaccination,vaccination,vaccination
"The simple fact is that irrespective of CDC guidelines the same people who refuse masks, refuse vaccines. Conversely, responsible people dont need mandates. They do whats right. The CDC cant be blamed for Delta. The GOP governors ignored it anyway.","vaccination,masking and distancing","vaccination,masking and distancing","vaccination,masking and distancing","vaccination,masking and distancing"
Not enough room in classrooms to social distance.  The cdc knows this.  Their guidelines suck.  They need to reduce them,"masking and distancing,lockdowns",masking and distancing,masking and distancing,masking and distancing
"Russia developed 1st Corona Vaccine in the world. It's approved and registered by Russian Government. 

President V… https://t.co/ZHQm76wQta",vaccination,vaccination,vaccination,vaccination
Russia's deputy Prime Minister Tatiana Golikova on Wednesday said that the country is preparing to approve a second… https://t.co/YAf0xehpgZ,,vaccination,vaccination,
The face mask guidelines from the American Academy of Pediatrics differ from updated school recommendations the CDC announced recently.  https://t.co/jr6zJaJTqF,"masking and distancing,lockdowns",masking and distancing,masking and distancing,masking and distancing
"Many fully vaccinated have gotten COVD but will not die. The ones not vaccinated - their odds are not good. So your point is? Private planes do not require masks &amp;CDC guidelines say groups fully vaccinated when together do not have to wear masks. In DC, they have worn masks.","vaccination,masking and distancing","vaccination,masking and distancing","vaccination,masking and distancing","vaccination,masking and distancing"
Enforcing a laws passed by Congress isn't the same as an EO and CDC guidelines that have no requirements to be met.,masking and distancing,,,
When #Russia announced its development of #CovidVaccine I saw many Ethio tweeps with fireworks &amp; balloon/champagne… https://t.co/8wds8fYWSs,vaccination,vaccination,vaccination,vaccination
"So Russia finally ""Put-in"" some great effort and get us a sputnik-V after successful clinical trails. Great job.
👏… https://t.co/Z67k9icB6C",vaccination,,,vaccination
"June 30, 2021 GOP Congressman Chip Roy. Where were you when this happened? Ted Cruz massless on federal property before CDC guidelines changed.  https://t.co/mNx2rR6QqQ",masking and distancing,,masking and distancing,
Even kids are eager to get the injection.#CovidVaccine #coronavirus,vaccination,vaccination,vaccination,vaccination
Airlines were planning to lifting mask mandates on planes in Sept. I can see the writing on the wall if CDC starts issuing mask guidelines for the new “variant”,masking and distancing,masking and distancing,masking and distancing,masking and distancing
The Covid-19 vaccine candidate developed by Oxford University in partnership with UK-based global biopharmaceutical… https://t.co/gOwWkJkir3,vaccination,vaccination,vaccination,vaccination
"California goes rogue, ignoring science and CDC’s COVID-19 guidelines.   https://t.co/fSKpetBGwG",masking and distancing,,,
"I don't know, I just listen to what our version of the CDC says and follow their guidelines. Here they say it's over pretty soon. Norway, Finland, Denmark and others are lifting restriction","masking and distancing,lockdowns",lockdowns,,lockdowns
Serum Institute of India CEO Mr poonwala said it will take another 4-5 years to make vaccine available for each and… https://t.co/vcvpvDkZHr,vaccination,vaccination,vaccination,vaccination
".is looking to raise up to $1 billion (around Rs 7,500 crore) for Covid-19 vaccine development. Det… https://t.co/LTXSkBcI90",vaccination,vaccination,vaccination,vaccination
"The discussion for SMAC is now about whether masks should be required inside. Most members recommend following CDC guidelines, which call for masks for the unvaccinated. It was pointed out that students still have to wear masks inside schools until July 13. #delhs",lockdowns,"vaccination,masking and distancing","vaccination,masking and distancing","vaccination,masking and distancing"
Perhaps he need to contact Russia their vaccine is up and running ... Sputnik 1 what could go wrong 😳#CovidVaccine… https://t.co/7B2HG2Py9r,vaccination,vaccination,vaccination,vaccination
"India Corona Vaccine Latest Update: Read here

#coronavirus #CoronavirusVaccine #CovidVaccine 

https://t.co/zQ97vnqb7e",vaccination,vaccination,vaccination,vaccination
Great to hear the covid vaccine is working. Thank you Russia hope this vaccine won't see caste creed color &amp; standa… https://t.co/EaBGw5QkMq,vaccination,vaccination,vaccination,vaccination
If the 25m why 85m doses?! Surely that’s no less amoral than hoarding toilet paper. #vaccine #TheNewNormal… https://t.co/l3L9aJhr6m,vaccination,vaccination,vaccination,
Exclusive: Fauci says rushing out a #CovidVaccine could jeopardize testing of others https://t.co/00hF6EPhy7,vaccination,vaccination,vaccination,vaccination
Delta: WHO urges fully vaccinated people to continue to wear masks as variant spreads   This is contrary to CDC mask 😷 guidelines. Thoughts? #medtwitter #cardiotwitter   https://t.co/ID2gFzAHcw,"vaccination,masking and distancing","vaccination,masking and distancing",vaccination,"vaccination,masking and distancing"
"A) #COVID: 90% survival rate
#covidvaccine: 1)There isn’t any vaccine that finished the Treatment Phase3
2) will be… https://t.co/lDvcehbGZG",vaccination,vaccination,vaccination,vaccination
"No sorry , you may want to check the cdc official guidelines.",masking and distancing,,,
"#Breaking
#CovidVaccine
#russiavaccine
Russia has developed 'first' coronavirus vaccine: Putin

MOSCOW: Russia has… https://t.co/BXk46QMFJV",vaccination,vaccination,vaccination,vaccination
"Ight bruh just cuz the CDC relaxeD their guidelines doesn’t mean you can be ALL UP ON ME IN LINE , BACK THE FUCK UP. They got stickers on the floor for a REASON",masking and distancing,,,masking and distancing
"$HTBX my thoughts is Tcell standalone vaccine or booster for others, this needs more attention… https://t.co/vstz1SQwF9",vaccination,vaccination,,
I did for about a month after the CDC guidelines changes and then I stopped,masking and distancing,,,
also reminds us that when someone says they would want a #COVIDvaccine to remind them to get a #FluShot and… https://t.co/Jvmb8AI7f6,vaccination,vaccination,vaccination,vaccination
#webnews21 #ExaBFF #ExaBLINK #ExaAMRY #CovidVaccine #COVID #CoronaVirusUpdates #covidfreeworld #Bitcoin #usa… https://t.co/WBRjKW9gov,vaccination,vaccination,,
Cdc guidelines sucked. They let unvaccinated use honor system. Didn’t work,masking and distancing,vaccination,vaccination,vaccination
"Just memes,no data?We all went to work outside of the home. Kids went to school, in person. We just followed CDC guidelines. We had 0colds, 0flus, 0tummy bugs. My family has never been so healthy. Wearing masks prevent the spread of many infections, not just Covid.  UR selfish","masking and distancing,lockdowns","masking and distancing,lockdowns",masking and distancing,"masking and distancing,lockdowns"
The California National Primate Research Center is in the news. Via #COVID19 #CovidVaccine https://t.co/HNin7U7TX8,vaccination,vaccination,vaccination,
Participants who received #CovidVaccine AZD1222 in phase I/II trial had developed detectable neutralising antibodie… https://t.co/rgY8rc0Gi7,vaccination,vaccination,vaccination,vaccination
📷 Currently our only hope! Late post #inktober2020 #prompt “ #hope ”. #covidvaccine #covid_19 #doodlerbasically… https://t.co/u3jJ9FuDOw,vaccination,vaccination,masking and distancing,
will not be enforcing the rules because they contradict CDC guidelines  https://t.co/hclKANhbQj via ,masking and distancing,,masking and distancing,
"Why do they say that? The CDC guidelines said if a person dies w/in 30 days of having COVID it is marked as a COVID death regardless.   If I kill myself 10 days after a positive COVID test, I died of COVID not suicide. That's an overcount",,,,
"Agreed.  Also needs to revise guidelines on masks.  Masks should be for all. Vaccinated and unvaccinated.  Especially indoors, for all events and/or offices and schools.","vaccination,masking and distancing,masking and distancing","vaccination,masking and distancing",,"vaccination,masking and distancing"
"Corona Update in India!
Total Confirmed:2.72M
Active Cases:0.67M
Total Recovered: 2M
Total Deaths:52163
Updated at:… https://t.co/WTJDYzWQsu",,,,
"CDC leaving it up to states to set guidelines for masks, director says  https://t.co/kyTHOTGMlj",masking and distancing,masking and distancing,masking and distancing,masking and distancing
"Notice the glaring omission of any mention of the NIH since the are neutral on IVM in C19. Which BTW, the NIH is the only US federal health agency responsible for creating treat guidelines.  Not the FDA or CDC!",masking and distancing,,,
#CovidVaccine  Reconstruction  of a Mass Hysteria: The Swine Flu Panic of 2009 https://t.co/3hltOyKQXD via ,vaccination,vaccination,,
Craig Bill Would Ensure Fair Distribution of COVID-19 Vaccine https://t.co/gqEWHQi3kz,vaccination,vaccination,vaccination,vaccination
CDC takes a 'sharp departure' in latest guidelines for schools:  https://t.co/EiidPwm1zh,lockdowns,,masking and distancing,
I have been saying for a quite awhile now that we should be allowed to have access to all Congress &amp; govt officials their medical records to see what medications they are prescribed &amp; what they are taking it for &amp; are they are following the cdc guidelines…,masking and distancing,,vaccination,
"It's actually even worse than that, CDC's offcial guidelines for PCR testing of fully vaccinated people say that maximum of 28 cycles is to be used, while the standard for u vaccinated people seems to remain between 37-40 cycles. That's a huge difference 🤬","vaccination,masking and distancing",vaccination,vaccination,vaccination
“The CDC’s relaxed guidelines on masking are meant to reassure vaccinated people that they are safe from serious illness. And they are. But the picture is less clear-cut for the unvaccinated who interact with them.”,"vaccination,masking and distancing","vaccination,masking and distancing","vaccination,masking and distancing","vaccination,masking and distancing"
CDC director weighs in on mask guidelines as virus variant spreads  https://t.co/eNN3AoppgV  https://t.co/PGxkyHW9HW,masking and distancing,masking and distancing,masking and distancing,masking and distancing
"THIS is why it’s key that we don’t rush, and we certainly shouldn’t think that a vaccine by Election Day is remotel… https://t.co/iGVNzxfMyw",vaccination,vaccination,vaccination,vaccination
"Trump used a marketing approach to the pandemic. He was a terrible communicator. I still don’t know his opinion on mask - “follow the CDC guidelines”, but he didn’t wear one. 🤦🏽‍♂️",masking and distancing,masking and distancing,masking and distancing,masking and distancing
"“Dr. Anthony S. Fauci, director of the National Institute of Allergy and Infectious Diseases, which is overseeing t… https://t.co/ioUkZ7R4Tp",,,vaccination,
"I’d like to add that all those covid cases could have definitely been avoided if the mass population followed all the cdc guidelines, cancer is not something you catch just by going to the grocery store","masking and distancing,lockdowns",,,
This is someone who clearly did not follow CDC guidelines or perhaps he followed the wrong CDC guideline,masking and distancing,,,
From August 18: #RobertLitan of  wants USGOV to pay each person $1000 to sell away their human genom… https://t.co/UaluptBQ7j,,,,
"We all want news about COVID treatments. On October 22nd, Mike Sullivan, CEO of will be sharing the l… https://t.co/BZjJDMVZCS",,,vaccination,
"Join the UF Center for European Studies for the free film series, ""Cinema on Tap"" at Cypress &amp; Grove. We are featuring the Hitchcock classic, To Catch a Thief. Grab your favorite person, your favorite local brew, and enjoy this suspenseful film! CDC guidelines will be followed.  https://t.co/Fclq81lzXi",,,,
"#CoronavirusVaccine #CovidVaccine 

Putin to Everyone rn : https://t.co/NiVqoenzgD",vaccination,vaccination,vaccination,
"""Well, I read that per CDC guidelines, masks are optional, so..""..",masking and distancing,masking and distancing,masking and distancing,masking and distancing
"Be part of the change! 🌎

Research Centers of America is looking for adult participants interested in being part of… https://t.co/S8sKR3eUhF",,,vaccination,
"People are talking about the economy of India and giving their views on it, with no analytical knowledge . It’s lik… https://t.co/NcXEV04ble",,,,
It's about time the CDC established guidelines for areas in the pool to be designated for those with diarrhea...,,,lockdowns,lockdowns
View VYF's comments to on their discussion draft of the Preliminary Framework for Equitable Allocation of… https://t.co/Gc0T9u8ITg,,,vaccination,
"BJP is openly offering #CovidVaccine in exchange of vote in #BiharElections2020 . #ElectionCommission should clear,… https://t.co/ECHBLo6yzt",vaccination,vaccination,,vaccination
"guidance must establish a process for vetting a #COVIDVaccine that is evidence-based, independent &amp; transpa… https://t.co/Br6sNCLuuU",vaccination,vaccination,vaccination,vaccination
"HOT topic...,continued (August 22, 2020; 10:18 HKT) #covidVACCINE #covidVACCINE",vaccination,vaccination,,
"""The 1986 decision by the U.S. Congress to grant total legal immunity to #vaccine manufacturers has resulted in dec… https://t.co/WI2neVbugM",vaccination,vaccination,vaccination,vaccination
"Great news for ⁦ and #globalhealth , but we will need to also focus on HOW we will deliver this #CovidVaccine!… https://t.co/jRyz1IpFHR",vaccination,vaccination,vaccination,vaccination
More than 225 Mumbaikars have volunteered to take part in the Phase II and III trials of #Covidshield – the potenti… https://t.co/K9KkXko45L,vaccination,vaccination,vaccination,vaccination
We are carefully following all CDC guidelines in order to keep you and your loved ones safe while also caring for your teeth.  #anthemaz #anthemsmile #dentist #oralhealth #dentalpractice #smile  https://t.co/hRig85D7RG,masking and distancing,,,
California virtue signaling and not following the science... I love it.  Los Angeles Times: California to require masks in schools despite CDC guidelines.  https://t.co/4CXCFBaDbp,masking and distancing,masking and distancing,masking and distancing,masking and distancing
4)..It now appears that the #CDC is back-tracking on its guidelines that vaccinated people do not have to wear masks. 'Vaccines may not protect those who are' immunocompromised'. Such a broad term could very well mean that everyone who was fully vaccinated needs to wear a mask..,"vaccination,masking and distancing","vaccination,masking and distancing",masking and distancing,"vaccination,masking and distancing"
"India’s #COVIDー19 vaccine may be available by end of 2020: Union Health Minister Dr. Harsh Vardhan on August 22, as… https://t.co/bSaKvuiRFo",vaccination,vaccination,vaccination,vaccination
"https://t.co/DX4dzpAGAo

Are you going to get Vaccine for corona for this year 2020🤨🧐😕😟… https://t.co/neR4EILXe2",vaccination,vaccination,vaccination,vaccination
"The first Battery 37 watch party of the 2021 season is almost here! Join us in Westfield for our first get-together in a looong time.   🆚 📆 Wednesday, July 7 🕢 7:30 PM ET 📍- Westfield ⚠️ If you are not vaccinated, please wear a mask per CDC guidelines.  https://t.co/JytEv5o9Me",masking and distancing,"vaccination,masking and distancing,lockdowns",masking and distancing,"vaccination,masking and distancing"
New CDC guidelines:   1. Fully vaccinated people do not need to worry about masking up or physically distancing in any setting.  2. Fully vaccinated people do not have to quarantine or test after a known COVID-19 exposure.   #CDC #Covid #CoronaVirus #HealthCare #Masks #Mask  https://t.co/InoBUwCi0F,"vaccination,masking and distancing,lockdowns","vaccination,masking and distancing",masking and distancing,"vaccination,masking and distancing"
"I don’t think now is a good time to get arrested for lewd conduct. Jail consists of a cell, and the room that they shoehorn you in doesn’t not accommodate for CDC guidelines.",masking and distancing,,,
"What kills me is I don't think they even believe what they paid ABT Marketing and PRR to deliver the 2016 CDC Guidelines nonsense! And these, ""Opioid pain medicines are bad"" policies are being picked up in several other countries! A previous statement from CDC said meds were good",,,,
Wearing a mask indoors doesn't protect vaccinated people from unvaccinated people who aren't wearing masks. If the CDC wants masks they need to change their guidelines so everyone is required to wear them indoors again.,"vaccination,masking and distancing","vaccination,masking and distancing","vaccination,masking and distancing","vaccination,masking and distancing"
We have to do a better job in education Americans! CDC should be mailing out to every address what you need to know and set up a hotline since states have not followed the guidelines. Old school but it works!,masking and distancing,,,
"California Will Keep Masking, Testing In Schools Despite CDC Guidelines That Vaccinated Teachers, Students Don't Need Masks  https://t.co/3hf8T7fm7t",masking and distancing,"vaccination,masking and distancing",masking and distancing,"vaccination,masking and distancing"
You clearly don’t watch the news. Tucker Carlson is not the news.  There are no CDC guidelines preventing people from gathering with family and friends. You don’t have to live in denial of COVID to make memories.,masking and distancing,lockdowns,masking and distancing,
"may reach the efficacy datapoint this month, but wants to have two months of safety data post 2nd injection… https://t.co/hg5NUlCQYm",vaccination,vaccination,vaccination,
"The CDC guidelines state a vaccinated person can be maskless. But, you are not allowed to ask their vaccination status. Catch-22...🤷‍♀️","vaccination,masking and distancing","vaccination,masking and distancing","vaccination,masking and distancing","vaccination,masking and distancing"
My favorite is when they put the disclaimer at the bottom saying that the commercial was filmed prior to the planned-demic or that CDC guidelines were practiced during filming. WHO CARES?,masking and distancing,,,
"They went. Their choice. Article doesn't indicate anything other than a number.  99.5% or better survival rate for healthy adults or so CDC says.  If they did/didn't follow guidelines, they can't blame anyone but themselves.",masking and distancing,,,
"No guarantee the will listen to science or reason, but still a relief so many are starting to come forward to say their guidelines are bad.",,,,
Federal judge sides with Florida in lawsuit with CDC over cruise ship guidelines  https://t.co/CTFo4Mx37B  https://t.co/v4i8nh841s,"masking and distancing,lockdowns",,vaccination,
Our open enemies as Black people will never have our best interest in mind. Also not all 'skinfolk' is 'kinfolk'. S… https://t.co/0LZ5YMIs3V,,,,
"Are you looking for a Logo Design for your brand?
You are in the right place, our Designart99 Team would love to wo… https://t.co/AT3mu85MJL",,,,
"Bharat Biotech is doing a great work..
#BharatBiotech 
#CovidVaccine https://t.co/CGvCBJUVkr",vaccination,vaccination,vaccination,
"Do you think india should order covid19 vaccine made by Russia as soon as possible ?
#RussianVaccine 
#CovidVaccine… https://t.co/rfGMCl2Emo",vaccination,vaccination,vaccination,vaccination
CDC issues school mask guidelines. What it means for Bay Area schools  https://t.co/XGDCrYrNbU,masking and distancing,masking and distancing,masking and distancing,masking and distancing
"#COVIDVaccine 
I for one will NOT take a rushed g… https://t.co/Jj06BNe94Z",vaccination,vaccination,vaccination,
$MRNA 🇺🇸 #Moderna stock rally fades as analysts weigh in on what U.S. government supply deal means for COVID-19 vac… https://t.co/hoxlGWm9Wa,vaccination,vaccination,,vaccination
"Breaking news : Nepal announces first Covid 19 vaccination.

#RussianVaccine
#CovidVaccine",vaccination,vaccination,vaccination,vaccination
"This is pathetic!

A supposed labor-leader defending #BigPharma?

The 4 major vaccine manufactures are… https://t.co/392aLdTueD",vaccination,vaccination,vaccination,vaccination
Health officials worry nation not ready for COVID-19 vaccine https://t.co/UUkxjRiXZ9 #COVIDVaccine #USHealth,vaccination,vaccination,vaccination,vaccination
I wait #whatiwantedtosay #COVID19 #COVID19Aus #russia #CovidVaccine https://t.co/coHK5eOpkj,vaccination,vaccination,vaccination,
"CDC's job: To provide trends on ""expensive and dangerous"" health threats.  FDA's job: To provide info about the nation's food and drug supply.  So why is the CDC publishing guidelines about prescribing drugs when it's FDA's expertise?  👇",masking and distancing,,,
"Vaccinated teachers and students don’t need to wear masks inside school buildings, the CDC said Friday in relaxing its COVID-19 guidelines.   https://t.co/eZ28gh0bus",masking and distancing,"vaccination,masking and distancing,lockdowns","vaccination,masking and distancing","vaccination,masking and distancing"
"Oxford, AstraZeneca Halt COVID-19 Vaccine Trial After Stage 3 Testing Volunteer Falls Sick

#oxfordvaccine… https://t.co/K0LikEK3Kl",,vaccination,"vaccination,vaccination",vaccination
"I've never seen someone squirm this much... 
#billgates #BillGatesBioTerrorist #covidvaccine #covid",vaccination,vaccination,,
Wow it's about time there is some sort of PSA warning the public about illegal fentanyl smuggled into the US! Pain patients have been screaming this since the 2016 CDC Guidelines So far it's been crickets from instead CDC counted illegal fentanyl as a legal TX,masking and distancing,,,
Important the link is here #CovidVaccine 👉 https://t.co/EboReP8Rh7 https://t.co/iuj6Lw437u,vaccination,vaccination,,
"Glad to see more spotlights starting to shine on the questionable policies and guidelines of the CDC. Here’s another good article detailing the possible miscues, or outright errors.",masking and distancing,,,
"India's hunt for #Covid19 vaccine. Take a look at this report. ((
#Coronavirus… https://t.co/vFQWeS9Kiy",vaccination,vaccination,vaccination,vaccination
"Guidelines for Covid-19:  Please practice social distancing - Do not share food and drinks If you are experiencing the following symptom - extreme difficult breathing,  please call 911 right away  You can do a million different things at home to stay sane: blob  and  think.","masking and distancing,lockdowns",masking and distancing,masking and distancing,masking and distancing
"Russia has developed a vaccine!

My Prediction: WHO will soon come with a study that will prove the vaccine does no… https://t.co/KlQKjfml42",vaccination,vaccination,vaccination,vaccination
"going in to (some) stores that post CDC guidelines ‘no masks for vaxxed ppl’. This non-lethal virus got my attention, though! I’m sure I picked it up going thru those low-vaxxed states. It wasn’t COVID THIS time. And the vaccine, which I am totally grateful for, 3/","vaccination,masking and distancing","vaccination,masking and distancing","vaccination,masking and distancing","vaccination,masking and distancing"
"You were right. The station's statement: ""April Moss objected to WWJ-TV's policies regarding COVID-19 testing and wearing masks inside our station, which are based on CDC, state and local guidelines."" Also...",,masking and distancing,"masking and distancing,masking and distancing",masking and distancing
"What are the Challenges faced by you due to #CoronaPandemic...?

Small or large, any Problem faced by you... Please… https://t.co/1df8f8i6Hv",,,,
"a. The CDC does NOT say vaccinated people must go around maskless. It says they can lose their masks, with a lot of caveats. Telling people not to wear masks is not ""contravening CDC guidelines"", any more than telling people to drive more slowly at night is against traffic code",masking and distancing,"vaccination,masking and distancing",masking and distancing,"vaccination,masking and distancing"
"In June, South Africa began recruiting participants for the continent's first #covidvaccine trial. Researchers were… https://t.co/waM9ggA9sC",vaccination,vaccination,vaccination,vaccination
"And this: 5 million doses exposed to room temperature...in South Korea.

Now imagine the -80C $bntx $pfe vaccine.… https://t.co/wMNmaeXqRk",vaccination,vaccination,vaccination,vaccination
"At the end of the day Democrats want you to wear masks and get vaccinated. They've always wanted you to follow the CDC guidelines.  Republicans have fought this at every turn and are only now ""coming around"" because their precious stock market took a hit.","vaccination,masking and distancing","vaccination,masking and distancing","vaccination,masking and distancing","vaccination,masking and distancing"
Does the CDC or WHO have any guidelines on how to deal with dumbasses? That may come in handy over the next few months. #mondaythoughts,,,,
"You mean Dems that are vaccinated, following cdc guidelines for vaccinated people and not having any symptoms because they are protected.  Considering your network pushes misinformation and straight out anti vax views on some shows this is rich",vaccination,vaccination,vaccination,vaccination
"This article is a bit confusing. The headline doesn’t say for unvaccinated only but in the article it says, “All vaccinated students and teachers can go without a mask indoors, according to CDC guidelines updated today.” #GetVaxxed","vaccination,masking and distancing,lockdowns","vaccination,masking and distancing","vaccination,masking and distancing","vaccination,masking and distancing"
As if by magic... #CovidVaccine https://t.co/4MCa4zZh7r,vaccination,vaccination,vaccination,
"CDC guidelines on clean-up. Honestly, anything you can’t boil should probably be discarded — better safe than sorry. 😕   https://t.co/NVkJOEYof0",masking and distancing,,,
"possibility of re-infection does NOT render the vaccine USELESS...,(August 28, 2020; 12:45 HKT) #covidVACCINE #COVID2019 #COVID",vaccination,vaccination,vaccination,vaccination
"#Novavax said on Monday it started a mid-stage study of its experimental #COVID19 #vaccine in #SouthAfrica, as the… https://t.co/BIKN4u5mlM",vaccination,vaccination,vaccination,vaccination
"Coronavirus Vaccine Tracker.
Updated: Sep 3, 2020 

Phase 1: 24 
Phase 2: 14
Phase 3: 9
Limited: 3
Approved: 0… https://t.co/u6MPmO4K4K",,vaccination,vaccination,vaccination
"#RussianVaccine #Russia  #coronavirus #CovidVaccine
Thanks Umcle pumtin ♥️♥️ https://t.co/KPUnQlAqV0",vaccination,vaccination,vaccination,vaccination
"If you were to participate in a voluntary trial for a Covid vaccine. Which one would you trust whole heartedly and try

#CovidVaccine",vaccination,vaccination,vaccination,vaccination
"are still alive. What life you want to live?
#COVID19 #coronavirus #lockdown #CoronavirusVaccine #COVID19pt… https://t.co/iLs3r55vWv","vaccination,lockdowns","vaccination,lockdowns",,
"May his recovery be quick &amp; easy. Thank you for sharing. It is terrible MSM &amp; CDC are not reporting. The spin &amp; guidelines are causing vacc’d to feel invincible. Please make sure it is reported. Also, try to get him to move &amp; not lie on his back. Wishing your whole family healing",,vaccination,vaccination,vaccination
Are you serious? Like just read the FDA and CDC paperwork dude It's an extremely rushed stripped-down set of guidelines.  The fact of the matter is that MRNA vaccines have been attempted to pass FDA guidelines for 30 years unsuccessfully.,"vaccination,masking and distancing",vaccination,vaccination,vaccination
So how many on that plane?  That 95% effective working out?  Being vaxxed working out?  They already gave it to a member of Pelosi’s staff so it doesn’t stop the spread either. Explain how this is a vaccine and how you defend a picture of anyone violating cdc guidelines please.,"vaccination,lockdowns",vaccination,vaccination,vaccination
Oh no! What on earth will #ScottyFromMarketing do now? #auspol  #CovidVaccine #NotMyPM #ScottyFromBunnings… https://t.co/PMZAz1yW0r,vaccination,vaccination,vaccination,
"""There is quite a possibility that the American public won't accept a vaccine because of all the things that are go… https://t.co/syG0dpm8gX",vaccination,vaccination,vaccination,vaccination
"Death toll in Mexico crosses 69 thousand, reached fourth place after America, India, Brazil.
#COVID19 #CovidVaccine… https://t.co/P1S9WoBEre",vaccination,vaccination,,
#INR opened at 73.68 levels as local &amp; Asian equities are trading in red. The trials of front-runner in… https://t.co/eNocy9vZ33,,,vaccination,
Ky. Dept. of Education reviewing new CDC mask guidelines; will issue guidance to school districts  https://t.co/2UmRVuMOgv ,masking and distancing,masking and distancing,masking and distancing,masking and distancing
"It doesn't matter how many 
Resources you have 
If you don't know how to use 
Them, it will never be enough.… https://t.co/NKhh7YDXwD",,,,
"#Cruise lines likely to follow CDC rules, no matter court decision (Cruise lines will continue to exceed CDC guidelines and recommendations! Who is this mysterious ""expert?"") fr  https://t.co/9H9j2vqtMX",masking and distancing,,,
"Not murky when they log the data…  State data, cdc guidelines and #4 in the nation in deaths per capita, top 15 globally when comparing states to countries.  https://t.co/9cT9lPZYXi",,,,
"Noah Brown: ""Experimental Research for COVID-19 Treatment gets Boost from 4,000 Shincheonji Church Members"" (Zambia… https://t.co/yT9LbZnvGx",vaccination,,,
"The biggest flaw in CDC guidelines are based on people being honest about whether or not they're vaccinated, people being smart and wearing masks if they're not and at minimum requires people have a brain.",masking and distancing,"vaccination,masking and distancing","vaccination,masking and distancing","vaccination,masking and distancing"
The civic-run King Edward Memorial (KEM) Hospital in #Mumbai began phase II and III trials of the Oxford Covishield… https://t.co/67ntLgYrkD,vaccination,vaccination,vaccination,vaccination
Interesting listen over my wfh coffee #covidvaccine https://t.co/rkA5Qqrneh,vaccination,,vaccination,
"The thing that also kills me is: when or if a #CovidVaccine comes to be, the anti-vaxxers… https://t.co/9hI9EdvD1J",vaccination,vaccination,vaccination,vaccination
This is why Vaxart has the answer with their covid pill vaccine #Warpspeed #vaxart #CovidVaccine,vaccination,vaccination,vaccination,vaccination
"Only mad when the CDC guidelines are not followed by state, county or city agencies for political reasons and not the same science from ",masking and distancing,,,
This Russian #CovidVaccine is 100% going to turn into the plot of ‘I am Legend’ 🤷🏼‍♂️. https://t.co/FukRiEufAb,vaccination,vaccination,vaccination,vaccination
"Which part of👇is so hard to understand, Many of us are boycotting flying until you lift the mask mandates. You don’t wait for CDC to set guidelines for your flight route, why are you allowing them to dictate to you. CDC has lost its credibility!","masking and distancing,lockdowns",masking and distancing,masking and distancing,masking and distancing
"Vaccinated teachers and students don't need to wear masks inside school buildings, the CDC said Friday. Read the new guidelines here.  https://t.co/ihiyOBzx60","vaccination,masking and distancing,lockdowns","vaccination,masking and distancing",masking and distancing,vaccination
"Moderna Vaccine won't be Ready before Election-- a Big Setback to President Trump 
#Moderna #Modernavaccine… https://t.co/Bokw8uaA1y",vaccination,vaccination,vaccination,vaccination
Is it really a shocker that I'm disappointed in yet again? The CDC guidelines still say unvaccinated people should wear masks and it's no longer required for any staff members per an email sent out today.,masking and distancing,"vaccination,masking and distancing","vaccination,masking and distancing","vaccination,masking and distancing"
"#CDCGuidelines ignore science, contradict their own collected data: 99.97% of youth under 18 survive Covid without vaccines or masks. #FollowTheScience or turn in your credentials!!! Forcing kids to vax or mask is #ChildAbuse of the worst kind! Shame, shame, shame!","vaccination,masking and distancing","vaccination,masking and distancing","vaccination,masking and distancing","vaccination,masking and distancing"
"This... major concern here in the Midwest. We have guidelines. We have the CDC, American Academy of Pediatrics statements. This is not over for parents of young kids. Just because some facilities don’t abide by evidence-based recommendations does not mean it’s okay.",masking and distancing,,,
"We MUST start putting the pieces together! The CDC is NOT ""revising/expanding"" their ""Guidelines"" because of public outcry &amp; the mass suffering &amp; avoidable deaths that have predictably resulted. They are doing it because it's PART OF THE #NationalPainStrategy Agenda!",masking and distancing,,,
"The virus is here to stay for at least an year, extending it by 21 days would not have any positive eff… https://t.co/flLnT94XUJ","masking and distancing,lockdowns",,,
"A mystery illness suffered by a participant has put the largest COVID-19 vaccine trial on hold, drug maker Johnson… https://t.co/eCTUNQtQU9",vaccination,vaccination,vaccination,vaccination
"We Laughed At Ganesh Gaitonde's Dialogue
""Sab Marr Jaayenge Bas Trivedi Bachega""

But Now It Seems Like ""Trivedi"" M… https://t.co/riyhhkkeFA",,,vaccination,
"*CDC Guidelines=Unscientific *CDC have NO business establishing “Guidelines, Rules or Law regarding Prescription of OpiatePainMeds. *The CDC “opioid crisis” DOSE LIMITS PainMeds. *DEA Overreach-REDUCED SUPPLY by 53% 💉Fentanil OD DEATH Crisis #RemoveCDCguidelines  #DefundTheDEA",masking and distancing,,,
Never said that. Never said unvaxxed should be masked. Never said people should lose rights. Pointing out the contradiction to CDC guidelines they’ve lectured about following for the last year +. People should make choices right for them. Chill&amp;stop putting words in my mouth,"vaccination,masking and distancing","vaccination,masking and distancing",masking and distancing,"vaccination,masking and distancing"
"..acknowledge the 100’s or maybe 1,000’s of CPP’s who by now have committed #SuicideDueToPain because of the CDC Guidelines &amp; DEA crackdown on anyone taking or being prescribed Opioids. Erin posted these messages days ago  &amp; then took her own life because she couldn’t deal 2/3",,,,
"CDC updates mask guidelines for K-12 schools, strongly recommends vaccination for children  https://t.co/kbL3laddTN",masking and distancing,"vaccination,masking and distancing","vaccination,masking and distancing","vaccination,masking and distancing"
Trudeau Confirms That Approved COVID-19 Vaccine Will Be Free for All Canadians #Covid19UK #CovidVaccine… https://t.co/IIyDRt29hP,vaccination,vaccination,vaccination,vaccination
We are carefully following all CDC guidelines in order to keep you and your loved ones safe while also caring for your teeth.  #barnumdental #dentist #oralhealth #teeth #smile #stratford #stratfordct  https://t.co/E1XaUKFVgy,masking and distancing,,,
"With all the information Dr. Fauci has given us, with all we know abt Putin, it’s enough to be sure they have NOTHI… https://t.co/sMYkyUDEO8",,,vaccination,
"The reason it hasn't ""lived up to expectations"" is because of the number of people here who took the warnings seriously and followed the CDC guidelines.  I'm pretty sure the people of India don't think it's a joke.",masking and distancing,,,
